{
  "epoch": 9,
  "noise_dim": 100,
  "avg_D_loss": 1.1409080971645404,
  "avg_G_loss": 1.0348597406586515,
  "avg_D_real": 0.5931628125755093,
  "avg_D_fake": 0.3792555358590959,
  "timestamp": "2025-11-18 09:23:47",
  "best_epoch": 9,
  "best_d_fake_score": 0.12074446414090412
}