{
  "epoch": 10,
  "noise_dim": 100,
  "avg_D_loss": 1.1514659803124923,
  "avg_G_loss": 1.1505742748326893,
  "avg_D_real": 0.6068726699752144,
  "avg_D_fake": 0.35848394187190863,
  "timestamp": "2025-11-18 09:24:36"
}