{
  "epoch": 18,
  "noise_dim": 100,
  "avg_D_loss": 0.7271920280366004,
  "avg_G_loss": 2.485947682887693,
  "avg_D_real": 0.7547858968565736,
  "avg_D_fake": 0.12988708939261828,
  "timestamp": "2025-11-18 09:31:04"
}