{
  "project": "nlp",
  "requests_measured": 10,
  "requests_total": 10,
  "status_codes": {
    "200": 10
  },
  "mean_s": 0.0231712000000698,
  "median_s": 0.022993000000496977,
  "p95_s": 0.023822900000595837,
  "min_s": 0.021584800000709947,
  "max_s": 0.02504430000044522
}