{
  "project": "rnn",
  "requests_measured": 10,
  "requests_total": 10,
  "status_codes": {
    "200": 10
  },
  "mean_s": 0.1014782499998546,
  "median_s": 0.10137089999989257,
  "p95_s": 0.10240869999870483,
  "min_s": 0.10025329999916721,
  "max_s": 0.10331029999906605
}