{
  "project": "cnn",
  "requests_measured": 10,
  "requests_total": 10,
  "status_codes": {
    "200": 10
  },
  "mean_s": 0.005544429999827116,
  "median_s": 0.005550849999963248,
  "p95_s": 0.005815500000608154,
  "min_s": 0.005191799999010982,
  "max_s": 0.005937999998423038
}