{
  "project": "ann",
  "requests_measured": 10,
  "requests_total": 10,
  "status_codes": {
    "200": 10
  },
  "mean_s": 0.013365490000251157,
  "median_s": 0.013351450000300247,
  "p95_s": 0.013575400000263471,
  "min_s": 0.013067200001387391,
  "max_s": 0.013816399999996065
}