{
  "project": "rnn",
  "chosen_instance": "g4dn.xlarge",
  "median_inference_s": 0.10137089999989257,
  "instance_throughput_per_sec": 27.62133906281751,
  "monthly_capacity": 71594510.85082299,
  "cost_per_inference": 5.289791011899156e-06,
  "model_size_gb": 0.0817,
  "training_cost": 10.0,
  "storage_cost": 0.0065,
  "cost_10000_per_day": 378.98,
  "instances_10000_per_day": 1,
  "cost_100000_per_day": 381.3,
  "instances_100000_per_day": 1,
  "cost_1000000_per_day": 404.48,
  "instances_1000000_per_day": 1,
  "monthly_inference_cost": 378.72,
  "monthly_data_transfer_cost": 0.26,
  "monthly_misc": 0.0,
  "total_over_deployment": 388.98
}