{
  "train_loss": [
    1.332228209904262,
    0.8838704197747367,
    0.7858916438647678,
    0.6259284240688596,
    0.5428620507206235,
    0.503078866822379,
    0.46555602192878726,
    0.38251789607320513,
    0.36839828320911955,
    0.3284210959162031,
    0.2986988299233573,
    0.31460126182011194,
    0.3132991284302303,
    0.3088831867490496,
    0.24985778107813428,
    0.24217192963191442,
    0.21865283467088426,
    0.23903604214532034,
    0.2358764855010169,
    0.22282093143463136,
    0.21176169305188317,
    0.18892056488884346,
    0.18713480760689294,
    0.1933044830049787,
    0.20562470807135105,
    0.17759309028727668,
    0.19307450910976956,
    0.16339654091639177,
    0.15477214156410524,
    0.15001640741633518,
    0.1250508278033563,
    0.1168479033877541,
    0.10697626081215483,
    0.11583133963868023,
    0.11014492091642959,
    0.11688910458928772,
    0.12141462139253105,
    0.11792830683078084,
    0.09948357238993048,
    0.09691717637436731,
    0.10404888176279409,
    0.10345202798875315,
    0.09687436281039845,
    0.11772260803303548,
    0.09415905680893255,
    0.1084650352820754,
    0.1067359214425087,
    0.11086066001494016,
    0.10054972557084901,
    0.10479163625773176
  ],
  "train_acc": [
    0.472,
    0.6508571428571429,
    0.6991428571428572,
    0.7668571428571429,
    0.7954285714285714,
    0.8171428571428572,
    0.8325714285714285,
    0.864,
    0.8711428571428571,
    0.8905714285714286,
    0.9002857142857142,
    0.8937142857142857,
    0.8917142857142857,
    0.8937142857142857,
    0.9142857142857143,
    0.9185714285714286,
    0.9291428571428572,
    0.9234285714285714,
    0.9208571428571428,
    0.9285714285714286,
    0.9305714285714286,
    0.9382857142857143,
    0.9405714285714286,
    0.9425714285714286,
    0.934,
    0.9428571428571428,
    0.9382857142857143,
    0.948,
    0.9477142857142857,
    0.9508571428571428,
    0.9605714285714285,
    0.9634285714285714,
    0.9662857142857143,
    0.9622857142857143,
    0.9625714285714285,
    0.9605714285714285,
    0.9605714285714285,
    0.96,
    0.9688571428571429,
    0.9671428571428572,
    0.9645714285714285,
    0.9691428571428572,
    0.9694285714285714,
    0.9585714285714285,
    0.9708571428571429,
    0.9631428571428572,
    0.9668571428571429,
    0.9611428571428572,
    0.9677142857142857,
    0.9657142857142857
  ],
  "val_loss": [
    0.8639837568600972,
    0.6377340811888377,
    0.494075545946757,
    0.3716853129466375,
    0.2862103524208069,
    0.32476971950133643,
    0.8132054728666941,
    0.40944227324922877,
    0.16203418928881486,
    0.5459143395423889,
    0.38180560907721517,
    0.19594137888153393,
    0.15474178490539392,
    0.13922543821980557,
    0.11302741956648728,
    0.20111624655872584,
    0.5283914607365926,
    0.08398988493097326,
    0.09325366526283324,
    0.10928595189005136,
    0.11001835789236551,
    0.062367124755245945,
    0.09300607097148895,
    0.15507239266795417,
    0.05337967048057665,
    0.8567538596789042,
    0.07879967578500509,
    0.08353221618384123,
    0.10221146232013902,
    0.04398323663075765,
    0.04633742250036448,
    0.04483017195512851,
    0.042345105778736375,
    0.040887070218411585,
    0.04263541519936795,
    0.04240393134004747,
    0.048633219572715464,
    0.04082389567233622,
    0.03621168171117703,
    0.03983410163053001,
    0.03594429373803238,
    0.04611709461547434,
    0.03935243889906754,
    0.03636216091581931,
    0.037674280117731544,
    0.039294795951185124,
    0.03633457873746132,
    0.03801905846580242,
    0.03910576215495045,
    0.03689051772250483
  ],
  "val_acc": [
    0.6986666666666667,
    0.8306666666666667,
    0.8426666666666667,
    0.8866666666666667,
    0.9066666666666666,
    0.9,
    0.716,
    0.852,
    0.956,
    0.812,
    0.876,
    0.944,
    0.9653333333333334,
    0.952,
    0.9693333333333334,
    0.9373333333333334,
    0.8346666666666667,
    0.9706666666666667,
    0.9706666666666667,
    0.972,
    0.9573333333333334,
    0.984,
    0.9733333333333334,
    0.9613333333333334,
    0.9853333333333333,
    0.8546666666666667,
    0.976,
    0.976,
    0.964,
    0.9866666666666667,
    0.9866666666666667,
    0.988,
    0.988,
    0.9866666666666667,
    0.9866666666666667,
    0.988,
    0.988,
    0.988,
    0.988,
    0.988,
    0.988,
    0.988,
    0.9893333333333333,
    0.9866666666666667,
    0.988,
    0.9906666666666667,
    0.988,
    0.988,
    0.9893333333333333,
    0.9893333333333333
  ]
}