{
  "train_loss": [
    1.7170885640553066,
    1.1378191477911812,
    1.0046360773359027,
    0.9432810510226658,
    0.8733297341210502,
    0.8222275823865618,
    0.6998144854136875,
    0.6912156177929469,
    0.6636433657237462,
    0.5649748373372214,
    0.5507371664047241,
    0.5281443692616054,
    0.4758030436379569,
    0.45734817126819066,
    0.43166913199424745,
    0.4059580520902361,
    0.4245153685297285,
    0.41792607743399485,
    0.36310393587180545,
    0.33062842532566616,
    0.33123143095629554,
    0.28702577730587553,
    0.2850017055102757,
    0.3087090445586613,
    0.2947197449207306,
    0.2942794706651143,
    0.2949921849455152,
    0.28824963331222536,
    0.2936408635377884,
    0.2880241214718137,
    0.27864849395411356,
    0.29348611218588694,
    0.29863522488730293,
    0.29714345907952106,
    0.2789348930801664,
    0.2866018622602735,
    0.2797415671007974,
    0.2863614387171609,
    0.27719615888595583,
    0.2740312830380031,
    0.2721318269797734,
    0.26020153187002454,
    0.27305616876057215,
    0.26664829073633467,
    0.28389996463911876,
    0.26051354251589093,
    0.25423333951405114,
    0.2649049969230379,
    0.2722432049512863,
    0.25522665143013
  ],
  "train_acc": [
    0.3465714285714286,
    0.48085714285714287,
    0.552,
    0.5954285714285714,
    0.626,
    0.6477142857142857,
    0.6991428571428572,
    0.6997142857142857,
    0.7194285714285714,
    0.7648571428571429,
    0.7777142857142857,
    0.776,
    0.8042857142857143,
    0.8122857142857143,
    0.8268571428571428,
    0.836,
    0.8345714285714285,
    0.8311428571428572,
    0.8531428571428571,
    0.8574285714285714,
    0.8545714285714285,
    0.8785714285714286,
    0.8774285714285714,
    0.8665714285714285,
    0.8768571428571429,
    0.8722857142857143,
    0.8674285714285714,
    0.8754285714285714,
    0.8754285714285714,
    0.8751428571428571,
    0.8794285714285714,
    0.87,
    0.8714285714285714,
    0.8691428571428571,
    0.8774285714285714,
    0.8745714285714286,
    0.8757142857142857,
    0.876,
    0.8868571428571429,
    0.8831428571428571,
    0.8805714285714286,
    0.8885714285714286,
    0.8865714285714286,
    0.8862857142857142,
    0.8717142857142857,
    0.892,
    0.89,
    0.8817142857142857,
    0.8828571428571429,
    0.8885714285714286
  ],
  "val_loss": [
    1.0029244338671366,
    0.8226018776893615,
    0.6139277903238932,
    0.5270652060508728,
    1.530815595626831,
    0.45811635740598045,
    0.4666927909851074,
    0.370301820675532,
    0.46717451429367063,
    0.2996177315314611,
    1.0138368812799454,
    0.40782435297966,
    0.17231455105543136,
    0.29054475101828575,
    0.10346703578035037,
    0.18053150759140651,
    0.31906946839392186,
    0.28799149247507255,
    0.18287766421089569,
    0.049302044595281286,
    0.06357938296099504,
    0.04506809578090906,
    0.03926819009333849,
    0.04310939128696918,
    0.04004376486688852,
    0.030188047071297963,
    0.03320993165299296,
    0.028754658788442612,
    0.030638447678337493,
    0.02662464266953369,
    0.02797424435739716,
    0.08496605148911476,
    0.03911399817715089,
    0.029983796211580434,
    0.028629475835710762,
    0.026057871059825023,
    0.029288522648314635,
    0.024627262932558854,
    0.023098743345588445,
    0.028105232956508797,
    0.02531020071854194,
    0.025007935951153436,
    0.022320880806694428,
    0.024691821760187548,
    0.02106761475155751,
    0.026231397954126198,
    0.027011885861555736,
    0.02506675535067916,
    0.021277236234396694,
    0.022048836098363
  ],
  "val_acc": [
    0.6093333333333333,
    0.6386666666666667,
    0.7466666666666667,
    0.812,
    0.5946666666666667,
    0.82,
    0.8146666666666667,
    0.8653333333333333,
    0.8013333333333333,
    0.932,
    0.6906666666666667,
    0.8413333333333334,
    0.964,
    0.9026666666666666,
    0.964,
    0.9373333333333334,
    0.876,
    0.8866666666666667,
    0.9346666666666666,
    0.9866666666666667,
    0.9813333333333333,
    0.9866666666666667,
    0.9906666666666667,
    0.9893333333333333,
    0.992,
    0.9946666666666667,
    0.9906666666666667,
    0.9946666666666667,
    0.992,
    0.9933333333333333,
    0.992,
    0.9693333333333334,
    0.988,
    0.9893333333333333,
    0.992,
    0.9906666666666667,
    0.9906666666666667,
    0.9933333333333333,
    0.9946666666666667,
    0.9906666666666667,
    0.9933333333333333,
    0.9933333333333333,
    0.9946666666666667,
    0.992,
    0.996,
    0.992,
    0.9933333333333333,
    0.9933333333333333,
    0.9973333333333333,
    0.9973333333333333
  ]
}