{
  "adam": {
    "train_loss": [
      1.7441327879769462,
      1.0704427290643965,
      0.8593774840491158,
      0.7482742161069598,
      0.8138598726136343,
      0.6126840573038373,
      0.5875112436839512,
      0.5523202125685556,
      0.5589775746209281,
      0.5458547268935612
    ],
    "train_acc": [
      0.3637142857142857,
      0.5425714285714286,
      0.6345714285714286,
      0.6717142857142857,
      0.6517142857142857,
      0.7357142857142858,
      0.746,
      0.7617142857142857,
      0.7585714285714286,
      0.76
    ],
    "val_loss": [
      0.904509066581726,
      0.7201209268569946,
      0.6155747802257537,
      0.43736709030469256,
      0.45224767772356667,
      0.40504050481319426,
      0.21485533847411473,
      0.4045796983242035,
      0.15378035708268484,
      0.28877859954039253
    ],
    "val_acc": [
      0.672,
      0.7466666666666667,
      0.744,
      0.852,
      0.8213333333333334,
      0.852,
      0.94,
      0.8266666666666667,
      0.9586666666666667,
      0.8626666666666667
    ]
  },
  "adamw": {
    "train_loss": [
      1.4405431478364128,
      0.8606853564807347,
      0.6737734342302595,
      0.5588890820230756,
      0.4774934662069593,
      0.4212274147442409,
      0.3772716379676546,
      0.3412632896559579,
      0.32082934744017466,
      0.2712361897400447
    ],
    "train_acc": [
      0.422,
      0.644,
      0.7322857142857143,
      0.7808571428571428,
      0.82,
      0.8494285714285714,
      0.8588571428571429,
      0.876,
      0.8828571428571429,
      0.9002857142857142
    ],
    "val_loss": [
      0.8189594629605611,
      0.6099532710711161,
      0.37880230756600697,
      0.48493689942359924,
      0.3077161136666934,
      0.6273087413509687,
      0.1718591340780258,
      0.577027318795522,
      0.3079684143761794,
      0.06516264248142639
    ],
    "val_acc": [
      0.6986666666666667,
      0.776,
      0.8933333333333333,
      0.8373333333333334,
      0.892,
      0.7826666666666666,
      0.9466666666666667,
      0.7933333333333333,
      0.9026666666666666,
      0.98
    ]
  }
}